{
"lengthUnit": "mil",
"remark": [],
"components": {
	"fields": ["COMPONENT_NO", "COMPONENT_NAME", "LAYER", "X_COORDINATE", "Y_COORDINATE", "ANGLE"],
	"rows": [
		[1, "P1", "T", 393.7008, 2755.9055, 0],
		[2, "PAD1", "T", 343.7008, 2755.9055, 0],
		[3, "PAD1", "B", 343.7008, 2755.9055, 0],
		[4, "PAD2", "T", 443.7008, 2755.9055, 0],
		[5, "PAD2", "B", 443.7008, 2755.9055, 0]
	]
},
"pins": {
	"fields": ["PIN_NO", "PIN_NAME", "PIN_X", "PIN_Y", "LAYER", "PIN_TYPE", "NET_NAME", "NET_TYPE", "PAD_SHAPE", "PAD_SIZEX", "PAD_SIZEY", "HOLE_SIZE", "HOLE_LEN", "PAD_ANGLE"],
	"rows": [
		[1, "P1_1", 343.7008, 2755.9055, "T", "DIP", "CAP2", "", "R", 66.929, 66.929, 39.37, 39.37, 0],
		[2, "P1_1", 343.7008, 2755.9055, "B", "DIP", "CAP2", "", "R", 66.929, 66.929, 39.37, 39.37, 0],
		[3, "P1_2", 443.7008, 2755.9055, "T", "DIP", "CAP1", "", "C", 66.929, 66.929, 39.37, 39.37, 0],
		[4, "P1_2", 443.7008, 2755.9055, "B", "DIP", "CAP1", "", "C", 66.929, 66.929, 39.37, 39.37, 0],
		[5, "PAD1_1", 343.7008, 2755.9055, "T", "DIP", "CAP2", "", "R", 66.929, 66.929, 39.37, 39.37, 0],
		[6, "PAD1_1", 343.7008, 2755.9055, "B", "DIP", "CAP2", "", "R", 66.929, 66.929, 39.37, 39.37, 0],
		[7, "PAD2_2", 443.7008, 2755.9055, "T", "DIP", "CAP1", "", "C", 66.929, 66.929, 39.37, 39.37, 0],
		[8, "PAD2_2", 443.7008, 2755.9055, "B", "DIP", "CAP1", "", "C", 66.929, 66.929, 39.37, 39.37, 0]
	]
}
}